nome_pessoa,telefone_pessoa,celular_pessoa,ramal_pessoa,email_pessoa,dt_nascimento_pessoa
Beatriz Fernandes Pereira,(81) 3909-7622,(19) 96907-1020,4776,beatriz.fernandes@example.com,17/01/2003
Mateus Andrade Lima,(21) 3360-3374,(51) 97224-8920,9835,mateus.andrade@example.com,12/10/1986
Mateus Gomes Moreira,(47) 5910-3306,(47) 99392-6799,7094,mateus.gomes@example.com,16/05/1968
Gustavo Pereira Almeida,(47) 4138-6125,(51) 99869-6153,4612,gustavo.pereira@example.com,07/11/1998
Lucas Moreira Marques,(61) 5074-8334,(31) 99486-4605,7192,lucas.moreira@example.com,05/04/1972
Bruno Almeida Alves,(71) 4220-2599,(21) 99260-5955,4650,bruno.almeida@example.com,11/10/1977
Thiago Santos Gomes,(41) 4138-8925,(19) 97339-8897,3386,thiago.santos@example.com,25/07/1993
Camila Nunes Costa,(47) 2582-4464,(51) 97043-5036,5320,camila.nunes@example.com,10/11/1985
Larissa Andrade Moreira,(31) 2194-5639,(71) 98452-7358,5313,larissa.andrade@example.com,29/04/2000
Gustavo Barbosa Silva,(31) 5304-1772,(81) 97978-7755,5072,gustavo.barbosa@example.com,27/05/1983
Marcos Rocha Santos,(61) 5835-2393,(41) 96305-9116,6366,marcos.rocha@example.com,12/08/1998
Amanda Ferreira Soares,(41) 4641-2483,(19) 97664-4197,2988,amanda.ferreira@example.com,02/09/1984
Bianca Souza Moreira,(21) 2478-4671,(47) 96672-1779,4881,bianca.souza@example.com,11/06/1999
Amanda Carvalho Rodrigues,(51) 5868-6824,(71) 96207-6687,7291,amanda.carvalho@example.com,24/03/1979
Mateus Almeida Nunes,(71) 5938-2652,(11) 98877-1727,7571,mateus.almeida@example.com,17/12/1982
Luiz Ribeiro Alves,(61) 3069-6281,(51) 97381-1171,5537,luiz.ribeiro@example.com,19/05/1988
Gabriel Ribeiro Lopes,(11) 3771-7194,(19) 97276-7540,8629,gabriel.ribeiro@example.com,15/02/1991
Thiago Almeida Souza,(61) 4099-7410,(11) 96617-6997,8989,thiago.almeida@example.com,09/09/1988
Paula Fernandes Mendes,(61) 5452-4666,(71) 96058-2618,3909,paula.fernandes@example.com,12/04/2000
Joăo Costa Dias,(47) 5608-3424,(19) 96237-6673,3228,joăo.costa@example.com,13/09/2002
Paula Rodrigues Gomes,(47) 5602-7822,(19) 98632-5480,4256,paula.rodrigues@example.com,13/03/1994
Thiago Fernandes Almeida,(31) 2302-6893,(47) 97893-2503,1980,thiago.fernandes@example.com,16/12/2003
Felipe Machado Gomes,(51) 5349-9951,(51) 99319-9686,3563,felipe.machado@example.com,08/10/2004
Rafael Oliveira Rocha,(41) 3766-7271,(71) 98537-5993,2843,rafael.oliveira@example.com,05/01/1978
Julia Rodrigues Moreira,(19) 2957-5633,(41) 99009-9383,9197,julia.rodrigues@example.com,04/12/2004
Pedro Silva Machado,(11) 4091-4229,(41) 99899-1636,8963,pedro.silva@example.com,22/01/1982
Gustavo Barbosa Nunes,(11) 5180-6383,(31) 99389-1018,9057,gustavo.barbosa1@example.com,18/12/1967
Alice Gomes Silva,(11) 2170-8092,(11) 97846-8960,8540,alice.gomes@example.com,16/10/1992
Maria Mendes Andrade,(19) 2341-8836,(31) 99144-1020,6318,maria.mendes@example.com,24/12/1975
Ana Andrade Machado,(19) 2987-4955,(51) 96675-1080,8648,ana.andrade@example.com,11/03/1974
Thiago Nascimento Barbosa,(19) 2465-9822,(41) 99487-5474,6823,thiago.nascimento@example.com,29/12/1977
Bruna Marques Rodrigues,(71) 2027-2321,(19) 99353-3652,2973,bruna.marques@example.com,20/06/1966
Camila Costa Freitas,(47) 5616-7661,(21) 97448-9405,3581,camila.costa@example.com,19/08/1974
Joăo Ribeiro Alves,(61) 2301-3916,(81) 98830-3585,1897,joăo.ribeiro@example.com,25/07/1978
Rafael Santos Dias,(31) 2207-8158,(41) 97899-2218,6931,rafael.santos@example.com,30/10/1992
Paula Moreira Nascimento,(21) 5336-3921,(71) 99181-5335,2540,paula.moreira@example.com,26/10/1980
Guilherme Mendes Dias,(41) 3040-8962,(47) 99111-8937,2894,guilherme.mendes@example.com,02/06/1968
Bruno Ferreira Souza,(41) 2055-9123,(47) 98587-8947,1451,bruno.ferreira@example.com,25/11/1974
Bruna Martins Santos,(31) 4884-7902,(21) 99576-4230,4153,bruna.markins@example.com,19/11/1980
Camila Ribeiro Ferreira,(11) 3748-1040,(19) 98043-6930,9301,camila.ribeiro@example.com,12/06/2003
Bruna Lima Oliveira,(61) 3508-6248,(51) 99642-4605,5575,bruna.lima@example.com,31/05/1980
Amanda Souza Nunes,(51) 4225-6803,(31) 96751-9082,1785,amanda.souza@example.com,27/02/1984
Larissa Mendes Alves,(81) 3066-5993,(61) 96658-8711,5860,larissa.mendes@example.com,26/03/2001
Letícia Rocha Almeida,(19) 4830-3342,(81) 96226-8598,3417,letícia.rocha@example.com,22/05/1989
Thiago Almeida Rodrigues,(47) 4279-1441,(61) 96348-3557,7594,thiago.almeida1@example.com,29/01/1994
Sophia Santos Soares,(11) 4088-9500,(31) 97668-5799,8919,sophia.santos@example.com,09/10/1986
Beatriz Vieira Mendes,(11) 2657-3185,(47) 98265-7923,3704,beatriz.vieira@example.com,17/12/1981
Luiz Mendes Barbosa,(21) 4388-1539,(51) 98175-7693,5208,luiz.mendes@example.com,21/03/2004
Fernanda Souza Dias,(51) 2003-7334,(47) 96514-6347,4983,fernanda.souza@example.com,30/11/1973
Rodrigo Freitas Gomes,(51) 5212-7416,(41) 97714-6462,4913,rodrigo.freitas@example.com,18/11/1970
